{"count":1,"gauges":{},"self":108.0082432,"total":122.63698,"children":{"AgentResetIfDone":{"count":6073,"self":0.1483277,"total":0.1483277,"children":null},"AgentSendState":{"count":6073,"self":0.32173989999999997,"total":0.4416372,"children":{"CollectObservations":{"count":12152,"self":0.1198973,"total":0.1198973,"children":null}}},"DecideAction":{"count":6073,"self":12.3002752,"total":13.484410599999999,"children":{"RayPerceptionSensor.Perceive":{"count":12152,"self":1.1841358,"total":1.1841358,"children":null}}},"AcademyStep":{"count":6073,"self":0.030969399999999998,"total":0.030969399999999998,"children":null},"AgentAct":{"count":6073,"self":0.5213913,"total":0.5213913,"children":null}}}