{"count":1,"gauges":{},"self":208.9634304,"total":209.91619219999998,"children":{"AgentResetIfDone":{"count":10469,"self":0.1790545,"total":0.1790545,"children":null},"AgentSendState":{"count":10469,"self":0.0889609,"total":0.15192319999999998,"children":{"CollectObservations":{"count":2618,"self":0.0629623,"total":0.0629623,"children":null}}},"DecideAction":{"count":10469,"self":0.12490259999999999,"total":0.12490259999999999,"children":null},"AcademyStep":{"count":10469,"self":0.0469734,"total":0.0469734,"children":null},"AgentAct":{"count":10469,"self":0.4469162,"total":0.4469162,"children":null}}}