{"count":1,"gauges":{},"self":7.7882408,"total":9.046545,"children":{"AgentResetIfDone":{"count":203,"self":0.0039889999999999995,"total":0.0039889999999999995,"children":null},"AgentSendState":{"count":203,"self":0.0050013,"total":0.0079987,"children":{"CollectObservations":{"count":51,"self":0.0029974,"total":0.0029974,"children":null}}},"DecideAction":{"count":203,"self":1.0203445,"total":1.2273262999999999,"children":{"RayPerceptionSensor.Perceive":{"count":51,"self":0.2069818,"total":0.2069818,"children":null}}},"AcademyStep":{"count":203,"self":0.0019986,"total":0.0019986,"children":null},"AgentAct":{"count":203,"self":0.0139934,"total":0.0139934,"children":null}}}